repo,file,loc,churn_rate,comment_density,bug_fix_pct,unique_authors,complexity,is_buggy
facebook/react,.eslintrc.js,665,68,0.077,0.397,19,15,1
facebook/react,.prettierrc.js,46,10,0.043,0.4,8,0,1
facebook/react,ReactVersions.js,64,21,0.438,0.095,7,1,1
facebook/react,babel.config-react-compiler.js,19,1,0.579,0.0,1,1,0
facebook/react,babel.config-ts.js,18,3,0.167,0.333,3,1,1
facebook/react,babel.config.js,25,4,0.0,0.5,4,1,1
facebook/react,compiler/.eslintrc.js,106,2,0.491,0.5,1,9,1
facebook/react,compiler/apps/playground/__tests__/e2e/page.spec.ts,343,20,0.038,0.7,8,4,1
facebook/react,compiler/apps/playground/colors.js,96,4,0.177,0.5,3,2,1
facebook/react,compiler/apps/playground/components/Editor/monacoOptions.ts,45,8,0.133,0.625,6,0,1
facebook/react,compiler/apps/playground/components/index.ts,10,6,0.6,0.333,4,0,1
facebook/react,compiler/apps/playground/hooks/index.ts,8,4,0.75,0.5,3,0,1
facebook/react,compiler/apps/playground/hooks/useMountEffect.ts,13,4,0.462,0.5,3,0,1
facebook/react,compiler/apps/playground/lib/compilation.ts,350,4,0.08,0.75,4,32,1
facebook/react,compiler/apps/playground/lib/createContext.ts,40,5,0.55,0.4,3,1,1
facebook/react,compiler/apps/playground/lib/defaultStore.ts,31,11,0.226,0.545,6,0,1
facebook/react,compiler/apps/playground/lib/reactCompilerMonacoDiagnostics.ts,98,7,0.061,0.143,5,7,1
facebook/react,compiler/apps/playground/lib/stores/index.ts,9,4,0.667,0.5,3,0,1
facebook/react,compiler/apps/playground/lib/stores/messages.ts,41,4,0.146,0.5,3,0,1
facebook/react,compiler/apps/playground/lib/stores/store.ts,77,11,0.325,0.545,5,10,1
facebook/react,compiler/apps/playground/lib/transitionTypes.ts,11,3,0.545,1.0,1,0,1
facebook/react,compiler/apps/playground/lib/types.d.ts,20,1,0.35,0.0,1,0,0
facebook/react,compiler/apps/playground/next.config.js,53,12,0.151,0.167,7,1,1
facebook/react,compiler/apps/playground/playwright.config.js,93,10,0.538,0.4,5,3,1
facebook/react,compiler/apps/playground/postcss.config.js,13,1,0.462,0.0,1,0,0
facebook/react,compiler/apps/playground/scripts/downloadFonts.js,20,2,0.4,0.0,2,0,0
facebook/react,compiler/apps/playground/tailwind.config.js,41,2,0.146,0.0,2,0,0
facebook/react,compiler/fixtures/align-method-call-scope-range-sync.js,23,1,0.174,1.0,1,2,1
facebook/react,compiler/fixtures/fbt-scope-range-sync-with-jsx.js,20,1,0.15,1.0,1,1,1
facebook/react,compiler/packages/babel-plugin-react-compiler-rust/src/BabelPlugin.ts,285,1,0.221,1.0,1,49,1
facebook/react,compiler/packages/babel-plugin-react-compiler-rust/src/bridge.ts,197,1,0.132,1.0,1,2,1
facebook/react,compiler/packages/babel-plugin-react-compiler-rust/src/index.ts,15,1,0.4,1.0,1,0,1
facebook/react,compiler/packages/babel-plugin-react-compiler-rust/src/options.ts,180,1,0.128,1.0,1,34,1
facebook/react,compiler/packages/babel-plugin-react-compiler-rust/src/prefilter.ts,156,1,0.192,1.0,1,42,1
facebook/react,compiler/packages/babel-plugin-react-compiler-rust/src/scope.ts,467,1,0.141,1.0,1,92,1
facebook/react,compiler/packages/babel-plugin-react-compiler/jest.config.js,13,2,0.538,0.0,2,0,0
facebook/react,compiler/packages/babel-plugin-react-compiler/scripts/babel-plugin-annotate-react-code.ts,293,2,0.222,0.0,2,71,0
facebook/react,compiler/packages/babel-plugin-react-compiler/scripts/build-react-hooks-fixures.js,102,3,0.088,0.0,2,13,0
facebook/react,compiler/packages/babel-plugin-react-compiler/scripts/eslint-plugin-react-hooks-test-cases.js,985,2,0.141,0.0,2,129,0
facebook/react,compiler/packages/babel-plugin-react-compiler/scripts/jest/e2e-classic.config.js,10,2,0.6,0.0,2,0,0
expressjs/express,examples/auth/index.js,134,3,0.172,0.667,3,19,1
expressjs/express,examples/content-negotiation/db.js,9,0,0.0,0.0,0,0,0
expressjs/express,examples/content-negotiation/index.js,46,0,0.13,0.0,0,2,0
expressjs/express,examples/content-negotiation/users.js,19,0,0.0,0.0,0,0,0
expressjs/express,examples/cookie-sessions/index.js,25,1,0.24,0.0,1,2,0
expressjs/express,examples/cookies/index.js,53,1,0.189,0.0,1,9,0
expressjs/express,examples/downloads/index.js,40,3,0.2,0.333,2,4,1
expressjs/express,examples/ejs/index.js,57,2,0.351,1.0,2,3,1
expressjs/express,examples/error-pages/index.js,103,1,0.35,1.0,1,7,1
expressjs/express,examples/error/index.js,53,1,0.358,0.0,1,5,0
expressjs/express,examples/hello-world/index.js,15,0,0.067,0.0,0,1,0
expressjs/express,examples/markdown/index.js,44,2,0.136,1.0,2,3,1
expressjs/express,examples/multi-router/controllers/api_v1.js,15,0,0.0,0.0,0,0,0
expressjs/express,examples/multi-router/controllers/api_v2.js,15,0,0.0,0.0,0,0,0
expressjs/express,examples/multi-router/index.js,18,0,0.056,0.0,0,1,0
expressjs/express,examples/mvc/controllers/main/index.js,5,0,0.0,0.0,0,0,0
expressjs/express,examples/mvc/controllers/pet/index.js,31,0,0.097,0.0,0,1,0
expressjs/express,examples/mvc/controllers/user-pet/index.js,22,0,0.136,0.0,0,1,0
expressjs/express,examples/mvc/controllers/user/index.js,41,0,0.146,0.0,0,2,0
expressjs/express,examples/mvc/db.js,16,0,0.062,0.0,0,0,0
expressjs/express,examples/mvc/index.js,95,1,0.284,1.0,1,9,1
expressjs/express,examples/mvc/lib/boot.js,83,1,0.145,1.0,1,17,1
expressjs/express,examples/online/index.js,61,0,0.328,0.0,0,3,0
expressjs/express,examples/params/index.js,74,1,0.216,0.0,1,5,0
expressjs/express,examples/resource/index.js,95,1,0.126,0.0,1,4,0
expressjs/express,examples/route-map/index.js,75,0,0.08,0.0,0,6,0
expressjs/express,examples/route-middleware/index.js,90,1,0.244,1.0,1,9,1
expressjs/express,examples/route-separation/index.js,55,2,0.164,0.5,2,2,1
expressjs/express,examples/route-separation/post.js,13,0,0.077,0.0,0,0,0
expressjs/express,examples/route-separation/site.js,5,0,0.0,0.0,0,0,0
expressjs/express,examples/route-separation/user.js,47,1,0.064,0.0,1,3,0
expressjs/express,examples/search/index.js,83,2,0.313,1.0,2,6,1
expressjs/express,examples/search/public/client.js,15,0,0.0,0.0,0,1,0
expressjs/express,examples/session/index.js,37,0,0.189,0.0,0,4,0
expressjs/express,examples/session/redis.js,39,0,0.154,0.0,0,3,0
expressjs/express,examples/static-files/index.js,43,1,0.465,1.0,1,7,1
expressjs/express,examples/static-files/public/js/app.js,1,0,1.0,0.0,0,0,0
expressjs/express,examples/vhost/index.js,53,0,0.17,0.0,0,3,0
expressjs/express,examples/view-constructor/github-view.js,53,1,0.302,1.0,1,1,1
expressjs/express,examples/view-constructor/index.js,48,0,0.229,0.0,0,3,0
axios/axios,docs/.vitepress/theme/index.ts,17,1,0.176,1.0,1,0,1
axios/axios,docs/scripts/process-sponsors.js,318,3,0.142,1.0,1,21,1
axios/axios,docs/scripts/utils.js,13,1,0.0,1.0,1,0,1
axios/axios,eslint.config.js,59,2,0.0,1.0,1,0,1
axios/axios,examples/abort-controller/server.js,23,3,0.0,0.667,3,2,1
axios/axios,examples/get/server.js,34,2,0.0,0.5,2,0,1
axios/axios,examples/network_enhanced.js,72,2,0.111,1.0,2,21,1
axios/axios,examples/post/server.js,16,2,0.0,0.5,2,0,1
axios/axios,examples/postMultipartFormData/server.js,11,2,0.0,0.5,2,0,1
axios/axios,examples/server.js,194,4,0.046,1.0,4,32,1
axios/axios,examples/upload/server.js,13,1,0.0,1.0,1,0,1
axios/axios,gulpfile.js,79,6,0.0,0.333,4,8,1
axios/axios,index.d.ts,755,65,0.004,0.769,38,0,1
axios/axios,index.js,45,3,0.067,0.667,3,0,1
axios/axios,lib/adapters/adapters.js,132,7,0.348,0.714,4,20,1
axios/axios,lib/adapters/fetch.js,643,35,0.084,0.971,17,159,1
axios/axios,lib/adapters/http.js,1417,74,0.124,0.905,38,284,1
axios/axios,lib/adapters/xhr.js,228,16,0.127,0.75,10,45,1
axios/axios,lib/axios.js,89,4,0.213,0.25,3,4,1
axios/axios,lib/cancel/CancelToken.js,135,2,0.178,1.0,2,11,1
axios/axios,lib/cancel/CanceledError.js,22,1,0.409,1.0,1,0,1
axios/axios,lib/cancel/isCancel.js,5,0,0.0,0.0,0,1,0
axios/axios,lib/core/Axios.js,283,24,0.102,0.833,14,47,1
axios/axios,lib/core/AxiosError.js,188,10,0.186,1.0,8,30,1
axios/axios,lib/core/AxiosHeaders.js,351,20,0.009,0.9,7,58,1
axios/axios,lib/core/InterceptorManager.js,72,4,0.431,0.5,4,8,1
axios/axios,lib/core/buildFullPath.js,50,4,0.2,1.0,4,7,1
axios/axios,lib/core/dispatchRequest.js,89,5,0.213,1.0,4,11,1
axios/axios,lib/core/mergeConfig.js,159,18,0.119,0.722,10,35,1
axios/axios,lib/core/settle.js,27,2,0.333,1.0,2,5,1
axios/axios,lib/core/transformData.js,28,1,0.286,0.0,1,3,0
axios/axios,lib/defaults/index.js,177,11,0.079,0.727,6,42,1
axios/axios,lib/defaults/transitional.js,10,4,0.0,1.0,3,0,1
axios/axios,lib/env/classes/FormData.js,2,1,0.0,0.0,1,0,0
axios/axios,lib/env/data.js,1,64,0.0,0.016,2,0,1
axios/axios,lib/helpers/AxiosTransformStream.js,156,3,0.006,0.667,2,18,1
axios/axios,lib/helpers/AxiosURLSearchParams.js,59,3,0.271,1.0,2,1,1
axios/axios,lib/helpers/Http2Sessions.js,119,1,0.034,1.0,1,15,1
axios/axios,lib/helpers/HttpStatusCode.js,77,1,0.0,0.0,1,0,0
axios/axios,lib/helpers/ZlibHeaderTransformStream.js,29,2,0.069,1.0,2,3,1
tailwindlabs/tailwindcss,integrations/cli/config.test.ts,361,5,0.03,0.4,4,0,1
tailwindlabs/tailwindcss,integrations/cli/index.test.ts,3079,48,0.063,0.729,10,13,1
tailwindlabs/tailwindcss,integrations/cli/plugins.test.ts,370,10,0.03,0.6,5,2,1
tailwindlabs/tailwindcss,integrations/cli/standalone.test.ts,200,5,0.015,0.8,4,6,1
tailwindlabs/tailwindcss,integrations/oxide/wasm.test.ts,59,4,0.136,0.75,4,1,1
tailwindlabs/tailwindcss,integrations/oxide/workers.test.ts,32,1,0.0,1.0,1,0,1
tailwindlabs/tailwindcss,integrations/postcss/config.test.ts,247,2,0.089,0.5,2,6,1
tailwindlabs/tailwindcss,integrations/postcss/core-as-postcss-plugin.test.ts,58,4,0.0,1.0,3,0,1
tailwindlabs/tailwindcss,integrations/postcss/index.test.ts,893,23,0.029,0.609,4,5,1
tailwindlabs/tailwindcss,integrations/postcss/multi-root.test.ts,50,3,0.0,0.333,2,0,1
tailwindlabs/tailwindcss,integrations/postcss/next.test.ts,486,10,0.033,0.8,3,7,1
tailwindlabs/tailwindcss,integrations/postcss/plugins.test.ts,79,2,0.0,1.0,1,0,1
tailwindlabs/tailwindcss,integrations/postcss/source.test.ts,831,3,0.131,1.0,2,5,1
tailwindlabs/tailwindcss,integrations/postcss/url-rewriting.test.ts,149,2,0.0,1.0,2,0,1
tailwindlabs/tailwindcss,integrations/upgrade/index.test.ts,3449,62,0.048,0.419,8,9,1
tailwindlabs/tailwindcss,integrations/upgrade/js-config.test.ts,2187,50,0.039,0.34,9,3,1
tailwindlabs/tailwindcss,integrations/upgrade/upgrade-errors.test.ts,251,2,0.143,0.5,2,9,1
tailwindlabs/tailwindcss,integrations/utils.ts,798,49,0.051,0.612,7,108,1
tailwindlabs/tailwindcss,integrations/vite/astro.test.ts,201,9,0.03,1.0,3,2,1
tailwindlabs/tailwindcss,integrations/vite/config.test.ts,287,5,0.007,0.6,4,2,1
tailwindlabs/tailwindcss,integrations/vite/css-modules.test.ts,65,6,0.0,0.5,3,0,1
tailwindlabs/tailwindcss,integrations/vite/html-style-blocks.test.ts,58,2,0.0,1.0,2,0,1
tailwindlabs/tailwindcss,integrations/vite/ignored-packages.test.ts,81,2,0.0,1.0,2,1,1
tailwindlabs/tailwindcss,integrations/vite/index.test.ts,1374,29,0.049,0.655,8,14,1
tailwindlabs/tailwindcss,integrations/vite/multi-root.test.ts,170,6,0.024,0.5,3,1,1
tailwindlabs/tailwindcss,integrations/vite/nuxt.test.ts,116,10,0.026,0.8,3,3,1
tailwindlabs/tailwindcss,integrations/vite/other-transforms.test.ts,178,6,0.017,0.667,3,2,1
tailwindlabs/tailwindcss,integrations/vite/qwik.test.ts,100,1,0.0,1.0,1,1,1
tailwindlabs/tailwindcss,integrations/vite/react-router.test.ts,266,3,0.034,0.667,3,3,1
tailwindlabs/tailwindcss,integrations/vite/resolvers.test.ts,804,9,0.01,0.667,4,4,1
tailwindlabs/tailwindcss,integrations/vite/solidstart.test.ts,108,1,0.028,1.0,1,1,1
tailwindlabs/tailwindcss,integrations/vite/source-maps.test.ts,157,5,0.038,0.8,4,2,1
tailwindlabs/tailwindcss,integrations/vite/ssr.test.ts,72,5,0.0,0.8,4,0,1
tailwindlabs/tailwindcss,integrations/vite/svelte.test.ts,253,12,0.028,0.583,3,0,1
tailwindlabs/tailwindcss,integrations/vite/sveltekit.test.ts,80,1,0.0,1.0,1,1,1
tailwindlabs/tailwindcss,integrations/vite/url-rewriting.test.ts,108,6,0.0,0.667,4,0,1
tailwindlabs/tailwindcss,integrations/vite/virtual-modules.test.ts,87,1,0.0,1.0,1,3,1
tailwindlabs/tailwindcss,integrations/vite/vue.test.ts,250,9,0.004,0.667,3,1,1
tailwindlabs/tailwindcss,integrations/vitest.config.ts,7,1,0.0,1.0,1,0,1
tailwindlabs/tailwindcss,integrations/webpack/index.test.ts,110,4,0.045,1.0,2,0,1
vitejs/vite,docs/.vitepress/buildEnd.config.ts,50,5,0.0,0.0,4,1,0
vitejs/vite,docs/.vitepress/config.ts,607,76,0.008,0.026,29,30,1
vitejs/vite,docs/.vitepress/inlined-scripts/banner.d.ts,3,1,0.0,0.0,1,0,0
vitejs/vite,docs/.vitepress/inlined-scripts/banner.js,11,2,0.0,0.0,1,1,0
vitejs/vite,docs/.vitepress/theme/composables/sponsor.ts,46,18,0.022,0.0,7,1,0
vitejs/vite,docs/.vitepress/theme/index.ts,33,12,0.03,0.167,7,0,1
vitejs/vite,docs/.vitepress/theme/live/useYoutubePlayer.ts,122,1,0.0,0.0,1,15,0
vitejs/vite,docs/_data/acknowledgements.data.ts,319,1,0.038,0.0,1,36,0
vitejs/vite,docs/_data/blog.data.ts,41,2,0.024,0.0,2,0,0
vitejs/vite,docs/_data/team.js,224,21,0.0,0.048,15,2,1
vitejs/vite,eslint.config.js,311,40,0.035,0.1,13,9,1
vitejs/vite,packages/create-vite/__tests__/cli.spec.ts,310,18,0.032,0.056,10,14,1
vitejs/vite,packages/create-vite/index.js,3,1,0.333,0.0,1,0,0
vitejs/vite,packages/create-vite/src/index.ts,1141,100,0.04,0.5,44,102,1
vitejs/vite,packages/create-vite/template-lit-ts/src/my-element.ts,438,5,0.068,0.6,5,0,1
vitejs/vite,packages/create-vite/template-lit/src/my-element.js,442,5,0.068,0.6,5,0,1
vitejs/vite,packages/create-vite/template-preact-ts/vite.config.ts,7,1,0.143,0.0,1,0,0
vitejs/vite,packages/create-vite/template-preact/vite.config.js,7,1,0.143,0.0,1,0,0
vitejs/vite,packages/create-vite/template-qwik-ts/vite.config.ts,11,2,0.091,0.0,2,0,0
vitejs/vite,packages/create-vite/template-qwik/vite.config.js,11,2,0.091,0.0,2,0,0
vitejs/vite,packages/create-vite/template-react-ts/vite.config.ts,7,1,0.143,0.0,1,0,0
vitejs/vite,packages/create-vite/template-react/vite.config.js,7,1,0.143,0.0,1,0,0
vitejs/vite,packages/create-vite/template-solid-ts/vite.config.ts,6,1,0.0,0.0,1,0,0
vitejs/vite,packages/create-vite/template-solid/vite.config.js,6,1,0.0,0.0,1,0,0
vitejs/vite,packages/create-vite/template-svelte-ts/src/main.ts,9,2,0.0,0.5,2,0,1
vitejs/vite,packages/create-vite/template-svelte-ts/svelte.config.js,2,2,0.5,0.0,2,0,0
vitejs/vite,packages/create-vite/template-svelte-ts/vite.config.ts,7,1,0.143,0.0,1,0,0
vitejs/vite,packages/create-vite/template-svelte/src/main.js,9,1,0.0,0.0,1,0,0
vitejs/vite,packages/create-vite/template-svelte/svelte.config.js,2,3,0.5,0.0,3,0,0
vitejs/vite,packages/create-vite/template-svelte/vite.config.js,7,1,0.143,0.0,1,0,0
vitejs/vite,packages/create-vite/template-vanilla-ts/src/counter.ts,9,1,0.0,0.0,1,0,0
vitejs/vite,packages/create-vite/template-vanilla-ts/src/main.ts,60,6,0.0,0.333,5,0,1
vitejs/vite,packages/create-vite/template-vanilla/src/counter.js,9,2,0.0,0.0,2,0,0
vitejs/vite,packages/create-vite/template-vanilla/src/main.js,60,3,0.0,0.333,3,0,1
vitejs/vite,packages/create-vite/template-vue-ts/src/main.ts,5,0,0.0,0.0,0,0,0
vitejs/vite,packages/create-vite/template-vue-ts/vite.config.ts,7,1,0.143,0.0,1,0,0
vitejs/vite,packages/create-vite/template-vue/src/main.js,5,0,0.0,0.0,0,0,0
vitejs/vite,packages/create-vite/template-vue/vite.config.js,7,1,0.143,0.0,1,0,0
vitejs/vite,packages/create-vite/tsdown.config.ts,144,4,0.0,0.0,3,18,0
vitejs/vite,packages/plugin-legacy/src/__tests__/index.spec.ts,45,1,0.0,1.0,1,2,1
vercel/next.js,.github/actions/needs-triage/dist/index.js,16,2,0.5,0.0,2,4954,0
vercel/next.js,.github/actions/needs-triage/src/index.ts,50,1,0.0,1.0,1,6,1
vercel/next.js,.github/actions/next-integration-stat/dist/37.index.js,452,1,0.069,1.0,1,90,1
vercel/next.js,.github/actions/next-integration-stat/src/index.ts,663,8,0.078,0.5,6,72,1
vercel/next.js,.github/actions/next-integration-stat/src/manifest.d.ts,46,2,0.087,0.5,2,0,1
vercel/next.js,.github/actions/next-repo-actions/src/popular-prs.ts,66,3,0.015,0.0,2,7,0
vercel/next.js,.github/actions/next-repo-actions/src/wrong-issue-template.ts,44,2,0.0,1.0,1,3,1
vercel/next.js,.github/actions/next-stats-action/src/add-comment.js,1272,10,0.108,0.1,6,214,1
vercel/next.js,.github/actions/next-stats-action/src/aggregate-results.js,127,1,0.165,1.0,1,19,1
vercel/next.js,.github/actions/next-stats-action/src/constants.js,40,5,0.0,1.0,3,2,1
vercel/next.js,.github/actions/next-stats-action/src/index.js,243,23,0.095,0.565,9,43,1
vercel/next.js,.github/actions/next-stats-action/src/prepare/action-info.js,106,5,0.057,0.4,4,21,1
vercel/next.js,.github/actions/next-stats-action/src/prepare/load-stats-config.js,42,1,0.048,0.0,1,4,0
vercel/next.js,.github/actions/next-stats-action/src/prepare/repo-setup.js,100,27,0.07,0.519,10,15,1
vercel/next.js,.github/actions/next-stats-action/src/run/benchmark-url.js,32,1,0.031,1.0,1,1,1
vercel/next.js,.github/actions/next-stats-action/src/run/collect-diffs.js,172,4,0.047,0.25,4,33,1
vercel/next.js,.github/actions/next-stats-action/src/run/collect-stats.js,582,5,0.072,0.2,5,88,1
vercel/next.js,.github/actions/next-stats-action/src/run/get-dir-size.js,25,1,0.12,0.0,1,2,0
vercel/next.js,.github/actions/next-stats-action/src/run/index.js,343,6,0.073,0.5,5,61,1
vercel/next.js,.github/actions/next-stats-action/src/util/exec.js,51,3,0.0,0.333,2,4,1
vercel/next.js,.github/actions/next-stats-action/src/util/glob.js,3,0,0.0,0.0,0,0,0
vercel/next.js,.github/actions/next-stats-action/src/util/logger.js,17,0,0.0,0.0,0,0,0
vercel/next.js,.github/actions/next-stats-action/src/util/stats.js,35,1,0.229,1.0,1,4,1
vercel/next.js,.github/actions/next-stats-action/test-local.js,121,1,0.149,1.0,1,5,1
vercel/next.js,.github/actions/pr-auto-label/dist/index.js,10,2,0.2,0.0,1,5020,0
vercel/next.js,.github/actions/pr-auto-label/src/index.ts,134,1,0.067,0.0,1,20,0
vercel/next.js,.github/actions/sccache/main.js,15,1,0.067,0.0,1,2,0
vercel/next.js,.github/actions/upload-turboyet-data/dist/index.js,1415,9,0.392,0.444,5,312,1
vercel/next.js,.github/actions/upload-turboyet-data/dist/sourcemap-register.js,1,2,0.0,0.5,2,503,1
vercel/next.js,.github/actions/upload-turboyet-data/src/main.js,234,8,0.026,0.5,4,24,1
vercel/next.js,.github/actions/validate-docs-links/src/index.ts,491,10,0.112,0.5,3,71,1
vercel/next.js,.github/actions/validate-docs-links/types.d.ts,2,1,0.0,0.0,1,0,0
vercel/next.js,apps/bundle-analyzer/components/index.ts,4,2,0.0,0.5,1,0,1
vercel/next.js,apps/bundle-analyzer/lib/analyze-data.ts,501,7,0.046,0.571,3,47,1
vercel/next.js,apps/bundle-analyzer/lib/errors.ts,10,1,0.1,1.0,1,2,1
vercel/next.js,apps/bundle-analyzer/lib/layout-treemap.ts,121,1,0.083,0.0,1,16,0
vercel/next.js,apps/bundle-analyzer/lib/module-graph.ts,154,3,0.195,0.667,3,25,1
vercel/next.js,apps/bundle-analyzer/lib/treemap-layout.ts,290,6,0.062,0.5,3,27,1
vercel/next.js,apps/bundle-analyzer/lib/types.ts,40,2,0.0,0.5,1,0,1
vercel/next.js,apps/bundle-analyzer/lib/utils.ts,69,5,0.014,0.6,2,13,1
socketio/socket.io,docs/engine.io-protocol/v3-test-suite/node-imports.js,10,1,0.0,0.0,1,0,0
socketio/socket.io,docs/engine.io-protocol/v3-test-suite/test-suite.js,595,1,0.027,0.0,1,8,0
socketio/socket.io,docs/engine.io-protocol/v4-test-suite/node-imports.js,10,1,0.0,0.0,1,0,0
socketio/socket.io,docs/engine.io-protocol/v4-test-suite/test-suite.js,609,3,0.008,0.333,1,14,1
socketio/socket.io,docs/socket.io-protocol/v5-test-suite/node-imports.js,10,1,0.0,0.0,1,0,0
socketio/socket.io,docs/socket.io-protocol/v5-test-suite/test-suite.js,656,2,0.006,0.5,1,15,1
socketio/socket.io,examples/ReactNativeExample/.eslintrc.js,4,1,0.0,0.0,1,0,0
socketio/socket.io,examples/ReactNativeExample/.prettierrc.js,7,1,0.0,0.0,1,0,0
socketio/socket.io,examples/ReactNativeExample/babel.config.js,3,1,0.0,0.0,1,0,0
socketio/socket.io,examples/ReactNativeExample/index.js,9,1,0.333,0.0,1,0,0
socketio/socket.io,examples/ReactNativeExample/jest.config.js,3,1,0.0,0.0,1,0,0
socketio/socket.io,examples/ReactNativeExample/metro.config.js,11,1,0.545,0.0,1,0,0
socketio/socket.io,examples/ReactNativeExample/server/index.js,13,1,0.0,0.0,1,0,0
socketio/socket.io,examples/ReactNativeExample/socket.js,3,1,0.0,0.0,1,0,0
socketio/socket.io,examples/angular-todomvc/e2e/protractor.conf.js,37,0,0.162,0.0,0,1,0
socketio/socket.io,examples/angular-todomvc/e2e/src/app.e2e-spec.ts,23,0,0.043,0.0,0,0,0
socketio/socket.io,examples/angular-todomvc/e2e/src/app.po.ts,11,0,0.0,0.0,0,0,0
socketio/socket.io,examples/angular-todomvc/karma.conf.js,44,0,0.136,0.0,0,3,0
socketio/socket.io,examples/angular-todomvc/server.ts,28,1,0.107,0.0,1,1,0
socketio/socket.io,examples/angular-todomvc/src/app/app.component.spec.ts,31,0,0.0,0.0,0,0,0
socketio/socket.io,examples/angular-todomvc/src/app/app.component.ts,59,0,0.0,0.0,0,2,0
socketio/socket.io,examples/angular-todomvc/src/app/app.module.ts,19,0,0.0,0.0,0,0,0
socketio/socket.io,examples/angular-todomvc/src/app/store.ts,95,1,0.011,0.0,1,1,0
socketio/socket.io,examples/angular-todomvc/src/environments/environment.prod.ts,3,0,0.0,0.0,0,0,0
socketio/socket.io,examples/angular-todomvc/src/environments/environment.ts,16,0,0.688,0.0,0,1,0
socketio/socket.io,examples/angular-todomvc/src/main.ts,12,0,0.0,0.0,0,2,0
socketio/socket.io,examples/angular-todomvc/src/polyfills.ts,63,0,0.873,0.0,0,7,0
socketio/socket.io,examples/angular-todomvc/src/test.ts,25,0,0.16,0.0,0,0,0
socketio/socket.io,examples/basic-crud-application/angular-client/src/app/app.component.spec.ts,29,1,0.0,1.0,1,0,1
socketio/socket.io,examples/basic-crud-application/angular-client/src/app/app.component.ts,63,1,0.0,1.0,1,2,1
socketio/socket.io,examples/basic-crud-application/angular-client/src/app/app.config.ts,8,1,0.0,1.0,1,0,1
socketio/socket.io,examples/basic-crud-application/angular-client/src/app/app.routes.ts,3,1,0.0,1.0,1,0,1
socketio/socket.io,examples/basic-crud-application/angular-client/src/app/store.ts,142,1,0.042,1.0,1,12,1
socketio/socket.io,examples/basic-crud-application/angular-client/src/environments/environment.development.ts,3,1,0.0,1.0,1,0,1
socketio/socket.io,examples/basic-crud-application/angular-client/src/environments/environment.ts,3,1,0.0,1.0,1,0,1
socketio/socket.io,examples/basic-crud-application/angular-client/src/main.ts,6,1,0.0,1.0,1,1,1
socketio/socket.io,examples/basic-crud-application/common/events.ts,46,1,0.0,1.0,1,0,1
socketio/socket.io,examples/basic-crud-application/server-postgres-cluster/lib/app.js,26,0,0.038,0.0,0,0,0
socketio/socket.io,examples/basic-crud-application/server-postgres-cluster/lib/cluster.js,28,0,0.0,0.0,0,3,0
socketio/socket.io,examples/basic-crud-application/server-postgres-cluster/lib/index.js,51,0,0.078,0.0,0,1,0
mongodb/node-mongodb-native,.evergreen/ci_matrix_constants.js,43,22,0.0,0.0,6,0,0
mongodb/node-mongodb-native,.evergreen/generate_evergreen_tasks.js,926,100,0.031,0.02,10,24,1
mongodb/node-mongodb-native,.mocharc.js,25,4,0.04,0.5,4,0,1
mongodb/node-mongodb-native,docs/2.2/api/scripts/bootstrap.min.js,7,0,0.714,0.0,0,236,0
mongodb/node-mongodb-native,docs/2.2/api/scripts/jquery.min.js,6,0,0.5,0.0,0,1547,0
mongodb/node-mongodb-native,docs/2.2/api/scripts/linenumber.js,29,0,0.0,0.0,0,4,0
mongodb/node-mongodb-native,docs/2.2/api/scripts/main.js,55,0,0.073,0.0,0,5,0
mongodb/node-mongodb-native,docs/2.2/api/scripts/prettify/lang-css.js,3,0,0.333,0.0,0,0,0
mongodb/node-mongodb-native,docs/2.2/api/scripts/prettify/prettify.js,28,0,0.036,0.0,0,185,0
mongodb/node-mongodb-native,docs/2.2/api/scripts/underscore-min.js,6,0,0.833,0.0,0,186,0
mongodb/node-mongodb-native,docs/2.2/js/doctools.js,224,0,0.263,0.0,0,26,0
mongodb/node-mongodb-native,docs/2.2/js/java.js,23,0,0.0,0.0,0,2,0
mongodb/node-mongodb-native,docs/2.2/js/jquery.js,9789,0,0.161,0.0,0,2416,0
mongodb/node-mongodb-native,docs/2.2/js/navbar.js,161,0,0.149,0.0,0,36,0
mongodb/node-mongodb-native,docs/2.2/js/scripts.js,54,0,0.0,0.0,0,7,0
mongodb/node-mongodb-native,docs/2.2/js/searchtools.js,560,0,0.13,0.0,0,104,0
mongodb/node-mongodb-native,docs/2.2/js/toggle-switch.js,12,0,0.0,0.0,0,2,0
mongodb/node-mongodb-native,docs/2.2/js/underscore.js,1276,0,0.198,0.0,0,278,0
mongodb/node-mongodb-native,docs/2.2/lib/bootstrap-toggle/bootstrap-toggle.min.js,9,0,0.889,0.0,0,18,0
mongodb/node-mongodb-native,docs/2.2/lib/bootstrap.js,1999,0,0.16,0.0,0,281,0
mongodb/node-mongodb-native,docs/2.2/lib/bootstrap.min.js,6,0,0.833,0.0,0,233,0
mongodb/node-mongodb-native,docs/2.2/lib/highlight/highlight.pack.js,1,0,0.0,0.0,0,206,0
mongodb/node-mongodb-native,docs/2.2/lib/jquery.tipsy.js,258,0,0.089,0.0,0,52,0
mongodb/node-mongodb-native,docs/2.2/lib/underscore-min.js,6,0,0.833,0.0,0,186,0
mongodb/node-mongodb-native,docs/2.2/scripts/bootstrap.min.js,7,0,0.714,0.0,0,236,0
mongodb/node-mongodb-native,docs/2.2/scripts/jquery.min.js,6,0,0.5,0.0,0,1547,0
mongodb/node-mongodb-native,docs/2.2/scripts/linenumber.js,29,0,0.0,0.0,0,4,0
mongodb/node-mongodb-native,docs/2.2/scripts/main.js,55,0,0.073,0.0,0,5,0
mongodb/node-mongodb-native,docs/2.2/scripts/prettify/lang-css.js,3,0,0.333,0.0,0,0,0
mongodb/node-mongodb-native,docs/2.2/scripts/prettify/prettify.js,28,0,0.036,0.0,0,185,0
mongodb/node-mongodb-native,docs/2.2/scripts/underscore-min.js,6,0,0.833,0.0,0,186,0
mongodb/node-mongodb-native,docs/3.0/api/scripts/bootstrap.min.js,7,0,0.714,0.0,0,236,0
mongodb/node-mongodb-native,docs/3.0/api/scripts/jquery.min.js,6,0,0.5,0.0,0,1547,0
mongodb/node-mongodb-native,docs/3.0/api/scripts/linenumber.js,29,0,0.0,0.0,0,4,0
mongodb/node-mongodb-native,docs/3.0/api/scripts/main.js,55,0,0.073,0.0,0,5,0
mongodb/node-mongodb-native,docs/3.0/api/scripts/prettify/lang-css.js,3,0,0.333,0.0,0,0,0
mongodb/node-mongodb-native,docs/3.0/api/scripts/prettify/prettify.js,28,0,0.036,0.0,0,185,0
mongodb/node-mongodb-native,docs/3.0/api/scripts/underscore-min.js,6,0,0.833,0.0,0,186,0
mongodb/node-mongodb-native,docs/3.0/js/doctools.js,224,0,0.263,0.0,0,26,0
mongodb/node-mongodb-native,docs/3.0/js/java.js,23,0,0.0,0.0,0,2,0
eslint/eslint,Makefile.js,1143,39,0.227,0.513,18,116,1
eslint/eslint,bin/eslint.js,211,13,0.393,0.923,7,22,1
eslint/eslint,conf/ecma-version.js,16,4,0.5,0.5,2,0,1
eslint/eslint,conf/globals.js,170,7,0.076,0.286,5,1,1
eslint/eslint,cypress.config.js,50,2,0.04,1.0,2,0,1
eslint/eslint,docs/.eleventy.js,589,26,0.158,0.538,12,43,1
eslint/eslint,docs/_examples/custom-rule-tutorial-code/enforce-foo-bar.js,64,3,0.25,1.0,3,9,1
eslint/eslint,docs/_examples/custom-rule-tutorial-code/enforce-foo-bar.test.js,39,3,0.256,1.0,3,2,1
eslint/eslint,docs/_examples/custom-rule-tutorial-code/eslint-plugin-example.js,9,2,0.444,1.0,2,0,1
eslint/eslint,docs/_examples/custom-rule-tutorial-code/eslint.config.js,25,3,0.28,0.667,3,0,1
eslint/eslint,docs/_examples/custom-rule-tutorial-code/example.js,21,2,0.429,1.0,2,1,1
eslint/eslint,docs/_examples/integration-tutorial-code/example-eslint-integration.js,65,3,0.2,0.667,3,3,1
eslint/eslint,docs/_examples/integration-tutorial-code/example-eslint-integration.test.js,32,2,0.156,1.0,2,3,1
eslint/eslint,docs/_examples/integration-tutorial-code/sample-data/test-file.js,29,2,0.345,1.0,2,2,1
eslint/eslint,docs/postcss.config.js,6,3,0.0,0.667,3,0,1
eslint/eslint,docs/src/_data/eslintVersions.js,77,5,0.169,0.2,3,12,1
eslint/eslint,docs/src/_data/flags.js,49,3,0.306,1.0,3,4,1
eslint/eslint,docs/src/_data/helpers.js,34,2,0.206,0.5,2,4,1
eslint/eslint,docs/src/_data/layout.js,3,1,0.0,0.0,1,0,0
eslint/eslint,docs/src/_data/rules_categories.js,29,3,0.0,0.667,3,0,1
eslint/eslint,docs/src/_data/site.js,27,3,0.37,0.333,2,1,1
eslint/eslint,docs/src/_plugins/md-syntax-highlighter.js,94,3,0.191,1.0,3,3,1
eslint/eslint,docs/src/_plugins/pre-wrapper.js,23,2,0.0,0.5,2,1,1
eslint/eslint,docs/src/assets/js/components-index.js,35,1,0.0,1.0,1,3,1
eslint/eslint,docs/src/assets/js/css-vars-ponyfill@2.js,1496,2,0.019,0.5,2,274,1
eslint/eslint,docs/src/assets/js/focus-visible.js,304,1,0.365,1.0,1,49,1
eslint/eslint,docs/src/assets/js/inert-polyfill.js,96,1,0.031,1.0,1,20,1
eslint/eslint,docs/src/assets/js/main.js,304,2,0.016,1.0,1,30,1
eslint/eslint,docs/src/assets/js/scroll-up-btn.js,16,2,0.0,1.0,2,4,1
eslint/eslint,docs/src/assets/js/search.js,294,8,0.221,0.5,4,48,1
eslint/eslint,docs/src/assets/js/tabs.js,339,1,0.08,1.0,1,35,1
eslint/eslint,docs/src/assets/js/themes.js,78,3,0.013,0.667,3,15,1
eslint/eslint,docs/src/static/serviceworker.js,0,0,0.0,0.0,0,0,0
eslint/eslint,docs/tools/code-block-utils.js,31,3,0.452,1.0,3,0,1
eslint/eslint,docs/tools/markdown-it-rule-example.js,101,7,0.554,0.714,5,3,1
eslint/eslint,docs/tools/prism-eslint-hook.js,505,7,0.232,0.571,5,56,1
eslint/eslint,docs/tools/validate-links.js,62,8,0.097,0.25,3,4,1
eslint/eslint,eslint.config.js,402,42,0.085,0.381,13,5,1
eslint/eslint,lib/api.js,39,8,0.436,0.625,4,0,1
eslint/eslint,lib/cli-engine/formatters/html.js,359,3,0.184,0.333,3,21,1
webpack/webpack,.prettierrc.js,24,3,0.0,0.0,1,0,0
webpack/webpack,assembly/hash/md4.asm.ts,177,0,0.085,0.0,0,4,0
webpack/webpack,assembly/hash/xxhash64.asm.ts,129,0,0.171,0.0,0,8,0
webpack/webpack,bin/webpack.js,196,13,0.168,0.231,3,24,1
webpack/webpack,declarations.d.ts,246,28,0.016,0.571,7,2,1
webpack/webpack,declarations.test.d.ts,32,5,0.125,0.6,1,0,1
webpack/webpack,declarations/LoaderContext.d.ts,361,13,0.371,0.385,5,10,1
webpack/webpack,declarations/WebpackOptions.d.ts,4568,100,0.688,0.43,13,394,1
webpack/webpack,declarations/index.d.ts,9,0,0.0,0.0,0,0,0
webpack/webpack,declarations/plugins/BannerPlugin.d.ts,60,6,0.633,0.167,3,0,1
webpack/webpack,declarations/plugins/IgnorePlugin.d.ts,23,2,0.609,0.5,1,1,1
webpack/webpack,declarations/plugins/LoaderOptionsPlugin.d.ts,27,1,0.63,0.0,1,0,0
webpack/webpack,declarations/plugins/ManifestPlugin.d.ts,72,3,0.694,0.0,2,1,0
webpack/webpack,declarations/plugins/ProgressPlugin.d.ts,68,3,0.691,0.333,2,5,1
webpack/webpack,declarations/plugins/SourceMapDevToolPlugin.d.ts,91,10,0.648,0.4,5,8,1
webpack/webpack,declarations/plugins/WatchIgnorePlugin.d.ts,12,1,0.667,0.0,1,0,0
webpack/webpack,declarations/plugins/container/ContainerPlugin.d.ts,183,2,0.634,0.0,2,14,0
webpack/webpack,declarations/plugins/container/ContainerReferencePlugin.d.ts,85,4,0.482,0.25,2,1,1
webpack/webpack,declarations/plugins/container/ModuleFederationPlugin.d.ts,317,5,0.612,0.2,3,20,1
webpack/webpack,declarations/plugins/debug/ProfilingPlugin.d.ts,12,1,0.667,0.0,1,0,0
webpack/webpack,declarations/plugins/dll/DllPlugin.d.ts,32,1,0.719,0.0,1,0,0
webpack/webpack,declarations/plugins/dll/DllReferencePlugin.d.ts,127,1,0.606,0.0,1,2,0
webpack/webpack,declarations/plugins/ids/HashedModuleIdsPlugin.d.ts,41,1,0.488,1.0,1,2,1
webpack/webpack,declarations/plugins/ids/OccurrenceChunkIdsPlugin.d.ts,12,1,0.667,0.0,1,0,0
webpack/webpack,declarations/plugins/ids/OccurrenceModuleIdsPlugin.d.ts,12,1,0.667,0.0,1,0,0
webpack/webpack,declarations/plugins/optimize/AggressiveSplittingPlugin.d.ts,24,1,0.708,0.0,1,2,0
webpack/webpack,declarations/plugins/optimize/LimitChunkCountPlugin.d.ts,20,2,0.7,0.5,1,2,1
webpack/webpack,declarations/plugins/optimize/MergeDuplicateChunksPlugin.d.ts,12,2,0.667,0.5,2,1,1
webpack/webpack,declarations/plugins/optimize/MinChunkSizePlugin.d.ts,20,1,0.7,0.0,1,2,0
webpack/webpack,declarations/plugins/schemes/HttpUriPlugin.d.ts,45,2,0.644,0.0,1,3,0
webpack/webpack,declarations/plugins/schemes/VirtualUrlPlugin.d.ts,58,3,0.603,0.333,2,5,1
webpack/webpack,declarations/plugins/sharing/ConsumeSharedPlugin.d.ts,74,1,0.716,0.0,1,8,0
webpack/webpack,declarations/plugins/sharing/ProvideSharedPlugin.d.ts,55,1,0.691,0.0,1,2,0
webpack/webpack,declarations/plugins/sharing/SharePlugin.d.ts,78,1,0.718,0.0,1,8,0
webpack/webpack,examples/aggressive-merging/a.js,1,0,0.0,0.0,0,0,0
webpack/webpack,examples/aggressive-merging/b.js,1,0,0.0,0.0,0,0,0
webpack/webpack,examples/aggressive-merging/build.js,2,0,0.0,0.0,0,0,0
webpack/webpack,examples/aggressive-merging/common.js,12,0,0.0,0.0,0,0,0
webpack/webpack,examples/aggressive-merging/pageA.js,3,0,0.0,0.0,0,0,0
webpack/webpack,examples/aggressive-merging/pageB.js,3,0,0.0,0.0,0,0,0
babel/babel,Gulpfile.ts,1199,12,0.076,0.5,3,119,1
babel/babel,Makefile.js,36,70,0.972,0.271,8,2541,1
babel/babel,Makefile.source.ts,560,6,0.034,0.333,2,18,1
babel/babel,babel-worker.ts,62,1,0.177,0.0,1,8,0
babel/babel,babel.config.ts,643,7,0.086,0.0,3,78,0
babel/babel,codemods/babel-plugin-codemod-object-assign-to-object-spread/src/index.ts,39,3,0.026,0.0,1,6,0
babel/babel,codemods/babel-plugin-codemod-object-assign-to-object-spread/test/fixtures/object-assign-to-object-spread/multiple-objects/input.js,1,0,0.0,0.0,0,0,0
babel/babel,codemods/babel-plugin-codemod-object-assign-to-object-spread/test/fixtures/object-assign-to-object-spread/multiple-objects/output.js,4,0,0.0,0.0,0,0,0
babel/babel,codemods/babel-plugin-codemod-object-assign-to-object-spread/test/fixtures/object-assign-to-object-spread/multiple/input.js,1,0,0.0,0.0,0,0,0
babel/babel,codemods/babel-plugin-codemod-object-assign-to-object-spread/test/fixtures/object-assign-to-object-spread/multiple/output.js,6,0,0.0,0.0,0,0,0
babel/babel,codemods/babel-plugin-codemod-object-assign-to-object-spread/test/fixtures/object-assign-to-object-spread/single-non-object/input.js,1,0,0.0,0.0,0,0,0
babel/babel,codemods/babel-plugin-codemod-object-assign-to-object-spread/test/fixtures/object-assign-to-object-spread/single-non-object/output.js,1,0,0.0,0.0,0,0,0
babel/babel,codemods/babel-plugin-codemod-object-assign-to-object-spread/test/fixtures/object-assign-to-object-spread/single/input.js,1,0,0.0,0.0,0,0,0
babel/babel,codemods/babel-plugin-codemod-object-assign-to-object-spread/test/fixtures/object-assign-to-object-spread/single/output.js,3,0,0.0,0.0,0,0,0
babel/babel,codemods/babel-plugin-codemod-object-assign-to-object-spread/test/index.js,3,0,0.0,0.0,0,0,0
babel/babel,codemods/babel-plugin-codemod-optional-catch-binding/src/index.ts,22,4,0.0,0.0,2,4,0
babel/babel,codemods/babel-plugin-codemod-optional-catch-binding/test/fixtures/codemod-optional-catch-binding/try-catch-block-null-binding/input.js,5,0,0.0,0.0,0,1,0
babel/babel,codemods/babel-plugin-codemod-optional-catch-binding/test/fixtures/codemod-optional-catch-binding/try-catch-block-null-binding/output.js,5,0,0.0,0.0,0,1,0
babel/babel,codemods/babel-plugin-codemod-optional-catch-binding/test/fixtures/codemod-optional-catch-binding/try-catch-block-unused-array-pattern-binding/input.js,5,0,0.0,0.0,0,1,0
babel/babel,codemods/babel-plugin-codemod-optional-catch-binding/test/fixtures/codemod-optional-catch-binding/try-catch-block-unused-array-pattern-binding/output.js,5,0,0.0,0.0,0,1,0
babel/babel,codemods/babel-plugin-codemod-optional-catch-binding/test/fixtures/codemod-optional-catch-binding/try-catch-block-unused-binding/input.js,5,0,0.0,0.0,0,1,0
babel/babel,codemods/babel-plugin-codemod-optional-catch-binding/test/fixtures/codemod-optional-catch-binding/try-catch-block-unused-binding/output.js,5,0,0.0,0.0,0,1,0
babel/babel,codemods/babel-plugin-codemod-optional-catch-binding/test/fixtures/codemod-optional-catch-binding/try-catch-block-unused-object-pattern-binding/input.js,7,0,0.0,0.0,0,1,0
babel/babel,codemods/babel-plugin-codemod-optional-catch-binding/test/fixtures/codemod-optional-catch-binding/try-catch-block-unused-object-pattern-binding/output.js,7,0,0.0,0.0,0,1,0
babel/babel,codemods/babel-plugin-codemod-optional-catch-binding/test/fixtures/codemod-optional-catch-binding/try-catch-block-used-array-pattern-binding/input.js,5,0,0.0,0.0,0,1,0
babel/babel,codemods/babel-plugin-codemod-optional-catch-binding/test/fixtures/codemod-optional-catch-binding/try-catch-block-used-array-pattern-binding/output.js,5,0,0.0,0.0,0,1,0
babel/babel,codemods/babel-plugin-codemod-optional-catch-binding/test/fixtures/codemod-optional-catch-binding/try-catch-block-used-binding-variable/input.js,5,0,0.0,0.0,0,2,0
babel/babel,codemods/babel-plugin-codemod-optional-catch-binding/test/fixtures/codemod-optional-catch-binding/try-catch-block-used-binding-variable/output.js,5,0,0.0,0.0,0,2,0
babel/babel,codemods/babel-plugin-codemod-optional-catch-binding/test/fixtures/codemod-optional-catch-binding/try-catch-block-used-binding/input.js,5,0,0.0,0.0,0,1,0
babel/babel,codemods/babel-plugin-codemod-optional-catch-binding/test/fixtures/codemod-optional-catch-binding/try-catch-block-used-binding/output.js,5,0,0.0,0.0,0,1,0
babel/babel,codemods/babel-plugin-codemod-optional-catch-binding/test/fixtures/codemod-optional-catch-binding/try-catch-block-used-object-pattern-binding/input.js,7,0,0.0,0.0,0,1,0
babel/babel,codemods/babel-plugin-codemod-optional-catch-binding/test/fixtures/codemod-optional-catch-binding/try-catch-block-used-object-pattern-binding/output.js,7,0,0.0,0.0,0,1,0
babel/babel,codemods/babel-plugin-codemod-optional-catch-binding/test/fixtures/codemod-optional-catch-binding/try-catch-finally-unused-binding/input.js,7,0,0.0,0.0,0,1,0
babel/babel,codemods/babel-plugin-codemod-optional-catch-binding/test/fixtures/codemod-optional-catch-binding/try-catch-finally-unused-binding/output.js,7,0,0.0,0.0,0,1,0
babel/babel,codemods/babel-plugin-codemod-optional-catch-binding/test/fixtures/codemod-optional-catch-binding/try-catch-finally-used-binding/input.js,7,0,0.0,0.0,0,1,0
babel/babel,codemods/babel-plugin-codemod-optional-catch-binding/test/fixtures/codemod-optional-catch-binding/try-catch-finally-used-binding/output.js,7,0,0.0,0.0,0,1,0
babel/babel,codemods/babel-plugin-codemod-optional-catch-binding/test/index.js,3,0,0.0,0.0,0,0,0
babel/babel,eslint.config.ts,411,10,0.015,0.7,3,4,1
babel/babel,eslint/babel-eslint-parser/src/analyze-scope.ts,358,3,0.07,0.333,2,49,1
babel/babel,eslint/babel-eslint-parser/src/ast-info.ts,41,1,0.073,1.0,1,2,1
lodash/lodash,.markdown-doctest-setup.js,11,0,0.0,0.0,0,0,0
lodash/lodash,dist/lodash.core.js,3877,3,0.648,0.333,2,465,1
lodash/lodash,dist/lodash.core.min.js,30,3,0.167,0.333,2,240,1
lodash/lodash,dist/lodash.fp.js,1031,0,0.231,0.0,0,89,0
lodash/lodash,dist/lodash.fp.min.js,21,0,0.0,0.0,0,65,0
lodash/lodash,dist/lodash.js,17259,12,0.591,0.5,4,1981,1
lodash/lodash,dist/lodash.min.js,140,8,0.057,0.625,3,1127,1
lodash/lodash,dist/mapping.fp.js,420,0,0.119,0.0,0,13,0
lodash/lodash,fp/_baseConvert.js,569,0,0.292,0.0,0,72,0
lodash/lodash,fp/_convertBrowser.js,18,0,0.444,0.0,0,3,0
lodash/lodash,fp/_mapping.js,358,0,0.042,0.0,0,3,0
lodash/lodash,fp/placeholder.js,6,0,0.833,0.0,0,1,0
lodash/lodash,lib/common/file.js,71,0,0.493,0.0,0,0,0
lodash/lodash,lib/common/mapping.js,9,0,0.111,0.0,0,0,0
lodash/lodash,lib/common/minify.js,39,0,0.359,0.0,0,4,0
lodash/lodash,lib/common/uglify.options.js,22,0,0.273,0.0,0,1,0
lodash/lodash,lib/common/util.js,40,0,0.375,0.0,0,2,0
lodash/lodash,lib/fp/build-dist.js,56,0,0.125,0.0,0,0,0
lodash/lodash,lib/fp/build-doc.js,78,0,0.282,0.0,0,3,0
lodash/lodash,lib/fp/build-modules.js,150,0,0.253,0.0,0,15,0
lodash/lodash,lib/main/build-dist.js,31,0,0.226,0.0,0,0,0
lodash/lodash,lib/main/build-doc.js,83,0,0.277,0.0,0,3,0
lodash/lodash,lib/main/build-modules.js,34,0,0.206,0.0,0,0,0
lodash/lodash,lib/main/build-site.js,239,1,0.297,1.0,1,16,1
lodash/lodash,lodash.js,17259,14,0.591,0.5,5,1981,1
lodash/lodash,perf/asset/perf-ui.js,112,0,0.071,0.0,0,18,0
lodash/lodash,perf/perf.js,1978,0,0.068,0.0,0,95,0
lodash/lodash,playwright.config.js,28,1,0.0,0.0,1,0,0
lodash/lodash,test/asset/test-ui.js,155,0,0.084,0.0,0,26,0
lodash/lodash,test/asset/worker.js,17,0,0.0,0.0,0,3,0
lodash/lodash,test/playwright-runner.spec.js,23,2,0.0,0.5,1,0,1
lodash/lodash,test/remove.js,27,0,0.074,0.0,0,1,0
lodash/lodash,test/test-fp.js,2322,0,0.045,0.0,0,62,0
lodash/lodash,test/test.js,27234,7,0.017,0.714,2,1469,1
lodash/lodash,vendor/backbone/backbone.js,1946,0,0.256,0.0,0,451,0
lodash/lodash,vendor/backbone/test/collection.js,2023,0,0.006,0.0,0,18,0
lodash/lodash,vendor/backbone/test/events.js,706,0,0.003,0.0,0,7,0
lodash/lodash,vendor/backbone/test/model.js,1448,0,0.001,0.0,0,29,0
lodash/lodash,vendor/backbone/test/noconflict.js,13,0,0.0,0.0,0,0,0
lodash/lodash,vendor/backbone/test/router.js,1081,0,0.003,0.0,0,6,0
moment/moment,Gruntfile.js,255,0,0.043,0.0,0,6,0
moment/moment,benchmarks/add.js,22,0,0.0,0.0,0,0,0
moment/moment,benchmarks/clone.js,10,0,0.0,0.0,0,0,0
moment/moment,benchmarks/compare.js,33,0,0.03,0.0,0,0,0
moment/moment,benchmarks/endOf.js,22,0,0.0,0.0,0,0,0
moment/moment,benchmarks/fromDate.js,12,0,0.0,0.0,0,0,0
moment/moment,benchmarks/fromDateUtc.js,12,0,0.0,0.0,0,0,0
moment/moment,benchmarks/get.js,21,0,0.0,0.0,0,0,0
moment/moment,benchmarks/isObjectEmpty.js,67,0,0.0,0.0,0,11,0
moment/moment,benchmarks/load-missing.js,13,0,0.077,0.0,0,0,0
moment/moment,benchmarks/makeDuration.js,11,0,0.0,0.0,0,0,0
moment/moment,benchmarks/query.js,40,0,0.0,0.0,0,0,0
moment/moment,benchmarks/set.js,22,0,0.0,0.0,0,0,0
moment/moment,benchmarks/startOf.js,22,0,0.0,0.0,0,0,0
moment/moment,benchmarks/subtract.js,22,0,0.0,0.0,0,0,0
moment/moment,benchmarks/zeroFill.js,43,0,0.0,0.0,0,1,0
moment/moment,dist/locale/af.js,71,0,0.042,0.0,0,4,0
moment/moment,dist/locale/ar-dz.js,156,1,0.045,0.0,1,4,0
moment/moment,dist/locale/ar-kw.js,55,0,0.055,0.0,0,0,0
moment/moment,dist/locale/ar-ly.js,171,1,0.018,0.0,1,4,0
moment/moment,dist/locale/ar-ma.js,56,0,0.071,0.0,0,0,0
moment/moment,dist/locale/ar-ps.js,112,1,0.027,0.0,1,2,0
moment/moment,dist/locale/ar-sa.js,105,0,0.029,0.0,0,2,0
moment/moment,dist/locale/ar-tn.js,55,0,0.055,0.0,0,0,0
moment/moment,dist/locale/ar.js,189,1,0.026,0.0,1,4,0
moment/moment,dist/locale/az.js,102,0,0.039,0.0,0,11,0
moment/moment,dist/locale/be.js,142,1,0.035,0.0,1,30,0
moment/moment,dist/locale/bg.js,87,0,0.034,0.0,0,21,0
moment/moment,dist/locale/bm.js,52,0,0.077,0.0,0,0,0
moment/moment,dist/locale/bn-bd.js,129,0,0.023,0.0,0,24,0
moment/moment,dist/locale/bn.js,119,0,0.025,0.0,0,15,0
moment/moment,dist/locale/bo.js,124,0,0.024,0.0,0,15,0
moment/moment,dist/locale/br.js,168,0,0.232,0.0,0,8,0
moment/moment,dist/locale/bs.js,160,1,0.031,0.0,1,54,0
moment/moment,dist/locale/ca.js,100,1,0.03,0.0,1,2,0
moment/moment,dist/locale/cs.js,181,1,0.122,0.0,1,50,0
moment/moment,dist/locale/cv.js,63,1,0.048,0.0,1,0,0
moment/moment,dist/locale/cy.js,98,0,0.061,0.0,0,9,0
moment/moment,dist/locale/da.js,53,0,0.057,0.0,0,0,0
moment/moment,dist/locale/de-at.js,79,0,0.076,0.0,0,0,0
chartjs/Chart.js,auto/auto.d.ts,4,0,0.0,0.0,0,0,0
chartjs/Chart.js,auto/auto.js,6,0,0.0,0.0,0,0,0
chartjs/Chart.js,docs/.vuepress/config.ts,395,3,0.003,0.333,2,1,1
chartjs/Chart.js,docs/scripts/analyzer.js,60,0,0.0,0.0,0,9,0
chartjs/Chart.js,docs/scripts/components.js,3,0,0.667,0.0,0,0,0
chartjs/Chart.js,docs/scripts/derived-bubble.js,34,0,0.235,0.0,0,3,0
chartjs/Chart.js,docs/scripts/helpers.js,3,0,0.667,0.0,0,0,0
chartjs/Chart.js,docs/scripts/log2.js,67,0,0.075,0.0,0,6,0
chartjs/Chart.js,docs/scripts/register.js,8,0,0.0,0.0,0,0,0
chartjs/Chart.js,docs/scripts/utils.js,161,0,0.006,0.0,0,17,0
chartjs/Chart.js,helpers/helpers.d.ts,1,0,0.0,0.0,0,0,0
chartjs/Chart.js,helpers/helpers.js,1,0,0.0,0.0,0,0,0
chartjs/Chart.js,rollup.config.js,116,1,0.129,1.0,1,0,1
chartjs/Chart.js,src/controllers/controller.bar.js,682,3,0.147,0.667,3,92,1
chartjs/Chart.js,src/controllers/controller.bubble.js,169,0,0.189,0.0,0,19,0
chartjs/Chart.js,src/controllers/controller.doughnut.js,402,4,0.134,0.75,4,50,1
chartjs/Chart.js,src/controllers/controller.line.js,143,2,0.084,1.0,1,20,1
chartjs/Chart.js,src/controllers/controller.pie.js,24,1,0.333,1.0,1,0,1
chartjs/Chart.js,src/controllers/controller.polarArea.js,237,1,0.072,1.0,1,19,1
chartjs/Chart.js,src/controllers/controller.radar.js,104,0,0.115,0.0,0,5,0
chartjs/Chart.js,src/controllers/controller.scatter.js,179,1,0.095,1.0,1,28,1
chartjs/Chart.js,src/controllers/index.js,8,0,0.0,0.0,0,0,0
chartjs/Chart.js,src/core/core.adapters.ts,138,1,0.457,1.0,1,6,1
chartjs/Chart.js,src/core/core.animation.js,119,0,0.05,0.0,0,19,0
chartjs/Chart.js,src/core/core.animations.defaults.js,72,0,0.0,0.0,0,3,0
chartjs/Chart.js,src/core/core.animations.js,162,0,0.142,0.0,0,28,0
chartjs/Chart.js,src/core/core.animator.js,214,0,0.238,0.0,0,27,0
chartjs/Chart.js,src/core/core.config.js,418,2,0.136,0.5,2,81,1
chartjs/Chart.js,src/core/core.controller.js,1269,4,0.169,1.0,4,176,1
chartjs/Chart.js,src/core/core.datasetController.js,1077,5,0.179,0.6,4,168,1
chartjs/Chart.js,src/core/core.defaults.js,175,0,0.229,0.0,0,6,0
chartjs/Chart.js,src/core/core.element.ts,45,0,0.133,0.0,0,5,0
chartjs/Chart.js,src/core/core.interaction.js,387,3,0.38,0.667,2,62,1
chartjs/Chart.js,src/core/core.layouts.defaults.js,11,0,0.0,0.0,0,0,0
chartjs/Chart.js,src/core/core.layouts.js,455,0,0.209,0.0,0,59,0
chartjs/Chart.js,src/core/core.plugins.js,188,1,0.239,1.0,1,32,1
chartjs/Chart.js,src/core/core.registry.js,186,0,0.387,0.0,0,13,0
chartjs/Chart.js,src/core/core.scale.autoskip.js,170,0,0.224,0.0,0,18,0
chartjs/Chart.js,src/core/core.scale.defaults.js,105,1,0.171,1.0,1,6,1
chartjs/Chart.js,src/core/core.scale.js,1712,5,0.163,0.4,4,279,1
mui/material-ui,docs/data/docs-infra/pages.ts,244,14,0.0,0.214,7,0,1
mui/material-ui,docs/data/docs/pages.ts,18,8,0.0,0.25,4,0,1
mui/material-ui,docs/data/experiments/renderers/renderAvatar.js,15,2,0.0,0.0,2,1,0
mui/material-ui,docs/data/experiments/renderers/renderCountry.js,126,2,0.04,0.5,2,1,1
mui/material-ui,docs/data/experiments/renderers/renderEmail.js,34,2,0.0,0.5,2,0,1
mui/material-ui,docs/data/experiments/renderers/renderIncoterm.js,97,2,0.01,0.5,2,2,1
mui/material-ui,docs/data/experiments/renderers/renderProgress.js,180,2,0.011,0.5,2,5,1
mui/material-ui,docs/data/experiments/renderers/renderRating.js,95,2,0.011,0.5,2,7,1
mui/material-ui,docs/data/experiments/renderers/renderSparkline.js,17,2,0.059,0.0,2,1,0
mui/material-ui,docs/data/experiments/renderers/renderStatus.js,157,2,0.013,0.5,2,28,1
mui/material-ui,docs/data/material/components/accordion/AccordionExpandDefault.js,44,4,0.0,0.25,4,0,1
mui/material-ui,docs/data/material/components/accordion/AccordionExpandIcon.js,45,4,0.0,0.25,4,0,1
mui/material-ui,docs/data/material/components/accordion/AccordionTransition.js,77,7,0.0,0.143,5,0,1
mui/material-ui,docs/data/material/components/accordion/AccordionUsage.js,59,4,0.0,0.25,4,0,1
mui/material-ui,docs/data/material/components/accordion/ControlledAccordions.js,97,1,0.0,1.0,1,1,1
mui/material-ui,docs/data/material/components/accordion/CustomizedAccordions.js,98,4,0.01,0.5,3,0,1
mui/material-ui,docs/data/material/components/accordion/DisabledAccordion.js,53,4,0.0,0.25,4,0,1
mui/material-ui,docs/data/material/components/alert/ActionAlerts.js,23,2,0.0,0.0,2,1,0
mui/material-ui,docs/data/material/components/alert/BasicAlerts.js,13,2,0.0,0.0,2,0,0
mui/material-ui,docs/data/material/components/alert/ColorAlerts.js,9,2,0.0,0.0,2,0,0
mui/material-ui,docs/data/material/components/alert/DescriptionAlerts.js,26,2,0.0,0.0,2,0,0
mui/material-ui,docs/data/material/components/alert/FilledAlerts.js,21,3,0.0,0.0,3,0,0
mui/material-ui,docs/data/material/components/alert/IconAlerts.js,24,3,0.0,0.0,3,0,0
mui/material-ui,docs/data/material/components/alert/OutlinedAlerts.js,21,3,0.0,0.0,3,0,0
mui/material-ui,docs/data/material/components/alert/SimpleAlert.js,10,2,0.0,0.0,2,0,0
mui/material-ui,docs/data/material/components/alert/TransitionAlerts.js,44,1,0.0,0.0,1,0,0
mui/material-ui,docs/data/material/components/app-bar/BackToTop.js,90,1,0.078,0.0,1,2,0
mui/material-ui,docs/data/material/components/app-bar/BottomAppBar.js,130,2,0.0,0.0,2,8,0
mui/material-ui,docs/data/material/components/app-bar/ButtonAppBar.js,31,1,0.0,0.0,1,0,0
mui/material-ui,docs/data/material/components/app-bar/DenseAppBar.js,29,2,0.0,0.0,2,0,0
mui/material-ui,docs/data/material/components/app-bar/DrawerAppBar.js,145,1,0.028,0.0,1,0,0
mui/material-ui,docs/data/material/components/app-bar/ElevateAppBar.js,66,1,0.106,0.0,1,0,0
mui/material-ui,docs/data/material/components/app-bar/EnableColorOnDarkAppBar.js,44,1,0.0,0.0,1,0,0
mui/material-ui,docs/data/material/components/app-bar/HideAppBar.js,65,1,0.108,0.0,1,0,0
mui/material-ui,docs/data/material/components/app-bar/MenuAppBar.js,95,0,0.021,0.0,0,1,0
mui/material-ui,docs/data/material/components/app-bar/PrimarySearchAppBar.js,233,0,0.009,0.0,0,0,0
mui/material-ui,docs/data/material/components/app-bar/ProminentAppBar.js,58,1,0.017,0.0,1,0,0
mui/material-ui,docs/data/material/components/app-bar/ResponsiveAppBar.js,159,4,0.0,0.5,3,0,1
mui/material-ui,docs/data/material/components/app-bar/SearchAppBar.js,88,2,0.023,0.5,2,0,1
mui/material-ui,docs/data/material/components/autocomplete/Asynchronous.js,116,5,0.026,0.2,4,0,1
reduxjs/redux,examples/async/src/actions/index.js,50,0,0.0,0.0,0,3,0
reduxjs/redux,examples/async/src/components/Picker.js,23,1,0.0,0.0,1,0,0
reduxjs/redux,examples/async/src/components/Posts.js,16,1,0.0,0.0,1,0,0
reduxjs/redux,examples/async/src/containers/App.js,100,1,0.01,0.0,1,4,0
reduxjs/redux,examples/async/src/index.js,22,2,0.0,0.5,2,1,1
reduxjs/redux,examples/async/src/reducers/index.js,70,1,0.0,0.0,1,7,0
reduxjs/redux,examples/counter-ts/src/app/hooks.ts,6,2,0.167,0.0,2,0,0
reduxjs/redux,examples/counter-ts/src/app/store.ts,17,1,0.0,0.0,1,0,0
reduxjs/redux,examples/counter-ts/src/features/counter/counterAPI.ts,6,1,0.167,0.0,1,1,0
reduxjs/redux,examples/counter-ts/src/features/counter/counterSlice.spec.ts,34,1,0.0,0.0,1,0,0
reduxjs/redux,examples/counter-ts/src/features/counter/counterSlice.ts,84,1,0.226,0.0,1,1,0
reduxjs/redux,examples/counter-ts/src/react-app-env.d.ts,1,0,1.0,0.0,0,0,0
reduxjs/redux,examples/counter-ts/src/reportWebVitals.ts,15,1,0.0,0.0,1,2,0
reduxjs/redux,examples/counter-ts/src/setupTests.ts,5,1,0.8,1.0,1,1,1
reduxjs/redux,examples/counter/src/App.js,61,0,0.016,0.0,0,0,0
reduxjs/redux,examples/counter/src/App.test.js,15,1,0.0,0.0,1,0,0
reduxjs/redux,examples/counter/src/app/store.js,8,1,0.0,0.0,1,0,0
reduxjs/redux,examples/counter/src/features/counter/Counter.js,67,1,0.015,0.0,1,1,0
reduxjs/redux,examples/counter/src/features/counter/counterAPI.js,6,1,0.167,0.0,1,1,0
reduxjs/redux,examples/counter/src/features/counter/counterSlice.js,73,1,0.26,0.0,1,1,0
reduxjs/redux,examples/counter/src/features/counter/counterSlice.spec.js,33,1,0.0,0.0,1,0,0
reduxjs/redux,examples/counter/src/index.js,23,1,0.13,0.0,1,1,0
reduxjs/redux,examples/counter/src/reportWebVitals.js,13,1,0.0,0.0,1,2,0
reduxjs/redux,examples/counter/src/setupTests.js,5,1,0.8,1.0,1,1,1
reduxjs/redux,examples/real-world/src/actions/index.js,120,1,0.158,0.0,1,14,0
reduxjs/redux,examples/real-world/src/components/Explore.js,63,1,0.079,0.0,1,4,0
reduxjs/redux,examples/real-world/src/components/List.js,70,1,0.014,0.0,1,6,0
reduxjs/redux,examples/real-world/src/components/Repo.js,31,1,0.0,0.0,1,1,0
reduxjs/redux,examples/real-world/src/components/User.js,28,0,0.0,0.0,0,1,0
reduxjs/redux,examples/real-world/src/containers/App.js,65,1,0.046,0.0,1,1,0
reduxjs/redux,examples/real-world/src/containers/DevTools.js,10,1,0.0,0.0,1,0,0
reduxjs/redux,examples/real-world/src/containers/RepoPage.js,105,1,0.038,0.0,1,6,0
reduxjs/redux,examples/real-world/src/containers/Root.dev.js,25,1,0.0,0.0,1,0,0
reduxjs/redux,examples/real-world/src/containers/Root.js,5,0,0.0,0.0,0,2,0
reduxjs/redux,examples/real-world/src/containers/Root.prod.js,22,1,0.0,0.0,1,0,0
reduxjs/redux,examples/real-world/src/containers/UserPage.js,105,1,0.038,0.0,1,5,0
reduxjs/redux,examples/real-world/src/index.js,14,0,0.0,0.0,0,0,0
reduxjs/redux,examples/real-world/src/middleware/api.js,138,1,0.123,0.0,1,14,0
reduxjs/redux,examples/real-world/src/reducers/index.js,54,1,0.056,0.0,1,6,0
reduxjs/redux,examples/real-world/src/reducers/paginate.js,71,1,0.042,0.0,1,11,0
prisma/prisma,.github/workflows/scripts/auto-close-github-discussions.js,266,2,0.06,0.0,1,35,0
prisma/prisma,.github/workflows/scripts/detect-jobs-to-run.js,61,8,0.131,0.5,4,19,1
prisma/prisma,eslint-local-rules/all-types-are-exported.ts,25,1,0.0,1.0,1,1,1
prisma/prisma,eslint-local-rules/imports-from-same-directory.ts,38,4,0.079,0.5,3,5,1
prisma/prisma,eslint-local-rules/index.js,8,1,0.0,1.0,1,0,1
prisma/prisma,eslint-local-rules/valid-exported-types-index.ts,60,1,0.0,1.0,1,4,1
prisma/prisma,helpers/blaze/_.ts,7,0,0.286,0.0,0,0,0
prisma/prisma,helpers/blaze/concat.ts,32,0,0.312,0.0,0,3,0
prisma/prisma,helpers/blaze/debounce.ts,18,0,0.389,0.0,0,1,0
prisma/prisma,helpers/blaze/flatten.ts,25,1,0.32,1.0,1,0,1
prisma/prisma,helpers/blaze/get.ts,7,0,0.0,0.0,0,0,0
prisma/prisma,helpers/blaze/handle.ts,27,0,0.148,0.0,0,2,0
prisma/prisma,helpers/blaze/keys.ts,15,1,0.467,0.0,1,0,0
prisma/prisma,helpers/blaze/map.ts,45,1,0.2,1.0,1,2,1
prisma/prisma,helpers/blaze/matrix.ts,39,0,0.385,0.0,0,1,0
prisma/prisma,helpers/blaze/merge.ts,13,0,0.154,0.0,0,1,0
prisma/prisma,helpers/blaze/omit.ts,33,1,0.242,1.0,1,2,1
prisma/prisma,helpers/blaze/permutations.ts,26,0,0.462,0.0,0,3,0
prisma/prisma,helpers/blaze/pick.ts,33,1,0.242,1.0,1,2,1
prisma/prisma,helpers/blaze/pipe.ts,208,3,0.053,0.333,3,4,1
prisma/prisma,helpers/blaze/range.ts,25,0,0.32,0.0,0,3,0
prisma/prisma,helpers/blaze/record.ts,19,0,0.421,0.0,0,0,0
prisma/prisma,helpers/blaze/reduce.ts,35,0,0.371,0.0,0,3,0
prisma/prisma,helpers/blaze/repeat.ts,39,0,0.436,0.0,0,1,0
prisma/prisma,helpers/blaze/select.ts,44,1,0.182,1.0,1,4,1
prisma/prisma,helpers/blaze/transduce.ts,83,0,0.337,0.0,0,4,0
prisma/prisma,helpers/blaze/unique.ts,12,0,0.417,0.0,0,0,0
prisma/prisma,helpers/blaze/utils/types/Strict.ts,7,0,0.286,0.0,0,0,0
prisma/prisma,helpers/compile/build.ts,232,19,0.228,0.579,8,20,1
prisma/prisma,helpers/compile/configs.ts,56,6,0.0,0.833,4,0,1
prisma/prisma,helpers/compile/plugins/copyFilePlugin.ts,18,1,0.167,0.0,1,1,0
prisma/prisma,helpers/compile/plugins/esmSplitCodeToCjs.ts,24,1,0.167,1.0,1,0,1
prisma/prisma,helpers/compile/plugins/externalPlugin.ts,18,0,0.222,0.0,0,0,0
prisma/prisma,helpers/compile/plugins/fill-plugin/fillPlugin.ts,246,13,0.224,0.615,4,17,1
prisma/prisma,helpers/compile/plugins/fill-plugin/fillers/buffer-small.ts,706,3,0.003,0.667,3,96,1
prisma/prisma,helpers/compile/plugins/fill-plugin/fillers/buffer.ts,1,0,0.0,0.0,0,0,0
prisma/prisma,helpers/compile/plugins/fill-plugin/fillers/crypto.ts,52,1,0.038,1.0,1,4,1
prisma/prisma,helpers/compile/plugins/fill-plugin/fillers/decimal-small.ts,20,5,0.0,0.8,4,3,1
prisma/prisma,helpers/compile/plugins/fill-plugin/fillers/events.ts,36,1,0.083,1.0,1,3,1
prisma/prisma,helpers/compile/plugins/fill-plugin/fillers/fs.ts,105,5,0.01,1.0,5,1,1
supabase/supabase,apps/design-system/app/fonts/index.ts,53,1,0.0,0.0,1,0,0
supabase/supabase,apps/design-system/config/docs.ts,543,51,0.0,0.549,9,0,1
supabase/supabase,apps/design-system/config/site.ts,17,2,0.0,0.5,1,0,1
supabase/supabase,apps/design-system/contentlayer.config.js,208,4,0.029,0.75,3,13,1
supabase/supabase,apps/design-system/hooks/use-config.ts,31,3,0.097,0.667,2,0,1
supabase/supabase,apps/design-system/hooks/use-mobile-sidebar.ts,24,1,0.0,1.0,1,1,1
supabase/supabase,apps/design-system/hooks/use-mounted.ts,11,1,0.0,1.0,1,0,1
supabase/supabase,apps/design-system/lib/rehype-component.ts,333,6,0.387,0.667,3,26,1
supabase/supabase,apps/design-system/lib/rehype-npm-command.ts,43,3,0.07,0.667,2,6,1
supabase/supabase,apps/design-system/lib/remark-jsx-components.ts,33,1,0.242,0.0,1,5,0
supabase/supabase,apps/design-system/lib/toc.ts,78,2,0.026,0.5,2,9,1
supabase/supabase,apps/design-system/lib/utils.ts,16,2,0.0,1.0,2,0,1
supabase/supabase,apps/design-system/registry/charts.ts,60,2,0.0,0.5,2,0,1
supabase/supabase,apps/design-system/registry/colors.ts,1556,1,0.0,1.0,1,0,1
supabase/supabase,apps/design-system/registry/copy-writing.ts,68,1,0.0,1.0,1,0,1
supabase/supabase,apps/design-system/registry/examples.ts,1800,61,0.053,0.459,11,0,1
supabase/supabase,apps/design-system/registry/fragments.ts,64,7,0.0,0.571,4,0,1
supabase/supabase,apps/design-system/registry/registry.ts,7,4,0.0,0.5,3,0,1
supabase/supabase,apps/design-system/registry/schema.ts,68,1,0.015,1.0,1,0,1
supabase/supabase,apps/design-system/registry/styles.ts,12,1,0.333,1.0,1,0,1
supabase/supabase,apps/design-system/registry/themes.ts,636,1,0.0,1.0,1,0,1
supabase/supabase,apps/design-system/types/assets.d.ts,9,2,0.0,0.0,1,0,0
supabase/supabase,apps/design-system/types/nav.ts,20,2,0.05,1.0,2,1,1
supabase/supabase,apps/design-system/types/unist.ts,31,1,0.0,1.0,1,0,1
supabase/supabase,apps/docs/app/api/ai/docs/route.ts,85,5,0.035,0.8,3,12,1
supabase/supabase,apps/docs/app/api/crawlers/route.smoke.test.ts,79,2,0.089,0.5,1,2,1
supabase/supabase,apps/docs/app/api/crawlers/route.ts,242,10,0.021,0.5,4,24,1
supabase/supabase,apps/docs/app/api/graphql/route.test.ts,171,6,0.0,0.5,1,7,1
supabase/supabase,apps/docs/app/api/graphql/route.ts,320,12,0.037,0.417,1,29,1
supabase/supabase,apps/docs/app/api/graphql/tests/errors.collection.test.ts,458,2,0.033,1.0,1,3,1
supabase/supabase,apps/docs/app/api/graphql/tests/errors.test.ts,64,1,0.0,1.0,1,1,1
supabase/supabase,apps/docs/app/api/graphql/tests/schema.smoke.test.ts,30,1,0.067,0.0,1,0,0
supabase/supabase,apps/docs/app/api/graphql/tests/searchDocs.smoke.test.ts,243,3,0.008,0.333,1,0,1
supabase/supabase,apps/docs/app/api/graphql/tests/searchDocs.test.ts,241,6,0.0,0.333,1,4,1
supabase/supabase,apps/docs/app/api/graphql/validators.test.ts,247,1,0.008,0.0,1,4,0
supabase/supabase,apps/docs/app/api/graphql/validators.ts,157,1,0.115,0.0,1,29,0
supabase/supabase,apps/docs/app/api/guides-md/[...slug]/route.ts,106,4,0.038,0.5,2,11,1
supabase/supabase,apps/docs/app/api/revalidate/route.test.ts,191,4,0.042,0.5,2,7,1
supabase/supabase,apps/docs/app/api/revalidate/route.ts,17,5,0.0,0.6,2,1,1
supabase/supabase,apps/docs/app/api/revalidate/route.utils.ts,103,1,0.0,1.0,1,13,1
trpc/trpc,eslint.config.js,204,8,0.025,0.5,3,4,1
trpc/trpc,examples/.experimental/next-app-dir/next.config.ts,15,1,0.067,0.0,1,1,0
trpc/trpc,examples/.experimental/next-app-dir/playwright.config.ts,22,3,0.091,0.667,3,2,1
trpc/trpc,examples/.experimental/next-app-dir/src/app/api/auth/[...nextauth]/route.ts,3,2,0.0,0.0,1,0,0
trpc/trpc,examples/.experimental/next-app-dir/src/app/api/trpc/[trpc]/route.ts,16,2,0.125,0.0,2,0,0
trpc/trpc,examples/.experimental/next-app-dir/src/app/api/trpc/revalidate/route.ts,1,1,0.0,0.0,1,0,0
trpc/trpc,examples/.experimental/next-app-dir/src/app/posts/_data.schema.ts,11,1,0.0,0.0,1,0,0
trpc/trpc,examples/.experimental/next-app-dir/src/app/posts/_data.ts,53,2,0.0,0.0,2,2,0
trpc/trpc,examples/.experimental/next-app-dir/src/app/posts/_lib/db.ts,39,1,0.0,0.0,1,0,0
trpc/trpc,examples/.experimental/next-app-dir/src/app/posts/_lib/trpc.ts,24,1,0.042,0.0,1,1,0
trpc/trpc,examples/.experimental/next-app-dir/src/auth.ts,37,3,0.162,0.333,2,1,1
trpc/trpc,examples/.experimental/next-app-dir/src/server/context.ts,13,4,0.0,0.25,4,1,1
trpc/trpc,examples/.experimental/next-app-dir/src/server/routers/_app.ts,59,5,0.0,0.4,4,1,1
trpc/trpc,examples/.experimental/next-app-dir/src/server/trpc.ts,59,7,0.085,0.429,4,2,1
trpc/trpc,examples/.experimental/next-app-dir/src/trpc/client.ts,42,7,0.0,0.429,4,0,1
trpc/trpc,examples/.experimental/next-app-dir/src/trpc/server-invoker.ts,37,5,0.108,0.4,3,1,1
trpc/trpc,examples/.experimental/next-app-dir/src/trpc/shared.ts,61,3,0.082,0.667,2,3,1
trpc/trpc,examples/.experimental/next-app-dir/test/client.test.ts,31,1,0.516,1.0,1,0,1
trpc/trpc,examples/.experimental/next-app-dir/test/server-cache.test.ts,41,2,0.049,1.0,1,0,1
trpc/trpc,examples/.test/diagnostics-big-router/next-env.d.ts,5,1,0.8,0.0,1,1,0
trpc/trpc,examples/.test/diagnostics-big-router/next.config.ts,6,1,0.167,0.0,1,0,0
trpc/trpc,examples/.test/diagnostics-big-router/scripts/codegen-base.ts,45,2,0.0,0.0,1,0,0
trpc/trpc,examples/.test/diagnostics-big-router/scripts/codegen.ts,42,1,0.119,0.0,1,3,0
trpc/trpc,examples/.test/diagnostics-big-router/src/server/context.ts,25,6,0.36,0.333,1,3,1
trpc/trpc,examples/.test/diagnostics-big-router/src/server/trpc.ts,8,2,0.0,0.0,1,0,0
trpc/trpc,examples/.test/diagnostics-big-router/src/utils/trpc.ts,33,2,0.152,0.5,1,3,1
trpc/trpc,examples/.test/internal-types-export/src/client.ts,14,4,0.0,0.0,3,0,0
trpc/trpc,examples/.test/internal-types-export/src/server.ts,51,12,0.02,0.5,6,1,1
trpc/trpc,examples/.test/internal-types-export/tsdown.config.ts,8,1,0.0,0.0,1,0,0
trpc/trpc,examples/.test/monotest-api-router01/src/index.ts,10,1,0.0,1.0,1,0,1
trpc/trpc,examples/.test/monotest-api/src/index.ts,8,1,0.0,1.0,1,0,1
trpc/trpc,examples/.test/monotest-app/src/vanilla-client.ts,23,1,0.087,1.0,1,0,1
trpc/trpc,examples/.test/monotest-trpc/src/index.ts,1,1,0.0,1.0,1,0,1
trpc/trpc,examples/.test/monotest-trpc/src/trpc.ts,6,1,0.0,1.0,1,0,1
trpc/trpc,examples/.test/ssg-infinite-serialization/next-env.d.ts,5,1,0.8,0.0,1,1,0
trpc/trpc,examples/.test/ssg-infinite-serialization/next.config.ts,6,2,0.167,0.0,2,0,0
trpc/trpc,examples/.test/ssg-infinite-serialization/playwright.config.ts,20,2,0.1,0.0,2,2,0
trpc/trpc,examples/.test/ssg-infinite-serialization/src/pages/api/trpc/[trpc].ts,12,1,0.417,0.0,1,0,0
trpc/trpc,examples/.test/ssg-infinite-serialization/src/server/routers/_app.ts,47,2,0.064,0.0,2,0,0
trpc/trpc,examples/.test/ssg-infinite-serialization/src/server/trpc.ts,35,3,0.686,0.0,2,1,0
